{"train/loss": 0.1285, "train/grad_norm": 0.6232413053512573, "train/learning_rate": 3.0845157310302284e-08, "train/epoch": 3.0, "train/global_step": 4863, "_timestamp": 1722712031.6727571, "_runtime": 15645.329361200333, "_step": 178, "eval/loss": 0.1746021807193756, "eval/runtime": 371.2692, "eval/samples_per_second": 1.091, "eval/steps_per_second": 1.091, "train_runtime": 15625.2343, "train_samples_per_second": 0.311, "train_steps_per_second": 0.311, "total_flos": 2.2431250478687846e+17, "train_loss": 0.24268010256836106}