{"train/loss": 0.1595, "train/grad_norm": 0.7834996581077576, "train/learning_rate": 1.4925373134328358e-06, "train/epoch": 3.0, "train/global_step": 804, "_timestamp": 1722782778.1475317, "_runtime": 1970.7941818237305, "_step": 28, "eval/loss": 0.2197321057319641, "eval/runtime": 61.3821, "eval/samples_per_second": 1.092, "eval/steps_per_second": 1.092, "train_runtime": 1727.749, "train_samples_per_second": 0.465, "train_steps_per_second": 0.465, "total_flos": 3.708559610295091e+16, "train_loss": 0.7606842986386807}